seed,condition,m1_coverage,m2_latency_cycles,m3_cpu_ms_per_tick,difficulty_proxy
0,memory,0.8,1.0,0.0015801999252289534,367.0
1,memory,0.8,1.0,0.001493800082243979,392.0
2,memory,0.8,1.0,0.0015877997502684593,222.0
3,memory,0.8,1.0,0.001343499985523522,488.0
4,memory,0.8,1.0,0.0014164994936436415,381.0
